nome,adress,idade,profiss√£o,email,telefone
Sydney Hall,"858 Karen Coves
South Travisstad, MD 47889",68,Barrister,hsmith@example.com,001-663-973-2714
Ashley Fletcher,"2535 Rogers Junctions
Hortonfurt, NH 89676",33,Interpreter,anthonymcdonald@example.com,424-403-9406
Steven Jones,"86759 Herring Shores
Shepardbury, AZ 94523",0,Radio producer,alvaradodiane@example.com,+1-924-456-8046
Amanda Lynch,"650 Michele Flats
Crystalborough, TN 72088",1,Medical technical officer,morenotanya@example.org,572-937-4817
Eric Martinez,"078 Henderson Brooks
Port Tamara, OK 89112",46,"Engineer, automotive",tmack@example.org,+1-940-135-3478x5167
Maria Mcdonald,"37390 Adam Mills Suite 176
West Elizabethville, NH 50237",15,"Engineer, structural",terryanderson@example.org,5067608677
Theresa Harding,"43686 Garcia Stream
New Andrea, TN 65537",62,"Education officer, community",choward@example.org,+1-472-961-2184x4876
Thomas Bond,"36374 Jerry Forges
Marksborough, AR 33819",14,Television camera operator,nicholas90@example.net,+1-289-102-7607x11610
Peter Hatfield,"USNV Clements
FPO AA 56801",62,"Scientist, physiological",crystal71@example.org,720-189-5684x335
Sheena Lester,"311 Frank Circles Apt. 429
East Regina, NM 55576",9,Television camera operator,jonathanschaefer@example.net,200-507-0802x82922
Holly Elliott,"Unit 6572 Box 7844
DPO AA 30096",87,Hospital pharmacist,michael77@example.com,(822)820-0895
Brian Williams,"87129 Deborah Village Suite 389
Port Philip, MP 14985",23,Technical sales engineer,yalvarado@example.com,832-754-0617x8159
Tasha Walker,"PSC 9227, Box 9624
APO AE 31798",22,Corporate investment banker,elarson@example.org,(305)499-5549x761
Brian Dillon,"271 Megan Inlet
Floresland, NE 93338",6,Product designer,kingchristopher@example.net,828.339.1352
Kimberly Vincent,"887 Megan Ford Apt. 730
Arthurfurt, KS 74655",20,Retail banker,donaldmosley@example.com,912-872-9754x6020
Jennifer Hansen,"515 Miller Streets
Nicolehaven, SD 38806",82,"Teacher, music",castanedapatricia@example.org,186.427.1815
Trevor Gray,"05086 Williams Trace
North Spencerchester, MN 05225",9,"Journalist, magazine",brittneyfoster@example.org,063.712.1202
Patricia Williams,"7563 Barnes Ville Apt. 683
East Sharon, CO 33895",43,"Engineer, land",darylpeck@example.com,(273)243-4013x21792
Alison Guerrero,"USS Schwartz
FPO AA 90754",64,Company secretary,kevin02@example.org,(338)375-5655x29392
Linda Vasquez,"860 Jennifer Passage Suite 556
Marioberg, PA 60915",4,"Engineer, production",sampsondaniel@example.org,001-923-024-9680x7327
Victor Whitehead,"835 Pugh Pines
East Chase, IL 59894",62,Dentist,gchandler@example.com,5377425623
Stacey Schultz,"3300 Hernandez Flats Suite 010
Carolynmouth, MS 61060",18,Logistics and distribution manager,gsmith@example.org,872-030-4621x06480
Richard Lawson,"63255 Sara Loop
Kirkside, FM 93043",80,"Accountant, chartered certified",andersonhannah@example.com,001-110-310-0121x8198
Alyssa Baldwin,"247 Pace Station
East Stevenborough, CA 49128",70,"Development worker, international aid",larry11@example.com,966-136-7820x5740
Kaitlyn Hunt,"PSC 5316, Box 5605
APO AP 77028",54,Banker,christianknox@example.net,(364)864-1627x380
Michael Wilson DDS,"7619 Brandy Locks Apt. 423
South Reginaview, TX 57948",18,Network engineer,loganrobinson@example.com,(618)186-7431x287
Jeff Chavez,"14026 Berry Unions
Alexanderside, AL 16279",98,Midwife,qwilson@example.org,+1-093-138-3637x9235
Debra Mayer,"8626 Clayton Mews Suite 822
Port Timothy, AS 65487",70,Insurance risk surveyor,ricardoescobar@example.net,712.860.0486
Yvette Williams,"67829 Brown Vista Apt. 516
Robertfort, MT 51439",22,Control and instrumentation engineer,frhodes@example.org,(411)979-9933
David Ramos,"70501 Lauren Isle
Port Lacey, GA 82258",67,"Sound technician, broadcasting/film/video",barkerjohn@example.net,6127489115
Megan Mcclain,"95944 Lynn Islands Apt. 109
Mitchellstad, DE 04257",51,"Buyer, industrial",joanna08@example.com,170.480.1221
Mark Martin,"3940 Perry Island Suite 866
Lake Cassandramouth, WV 14394",11,Architectural technologist,robert56@example.org,+1-000-602-5248x72262
Rebecca White,"24517 Neal Crescent
Wagnermouth, WA 00819",10,Ecologist,dcarter@example.com,215-515-6686
Lisa Sandoval,"04033 Garcia Shore
Katherinefort, HI 20726",30,"Journalist, broadcasting",rhonda89@example.com,001-188-273-2159x6017
Anthony Green,"0886 Hudson Coves
East Christyville, NY 19825",14,Dance movement psychotherapist,robertcook@example.net,013-959-1698
Steven Colon,"081 Cochran Turnpike
Samanthaland, MS 37889",98,Trading standards officer,dana84@example.org,001-489-002-2353
John Avila,"5872 Friedman Crescent
Barrettburgh, RI 81623",27,Regulatory affairs officer,bortega@example.com,125.541.7289
Ricky Anderson,"7490 James Curve Suite 406
South Katherine, SD 59003",85,Conference centre manager,smithjames@example.net,001-930-976-2282x616
Brian Wall,"54224 Nelson Inlet Suite 237
Kurtport, MN 57642",87,Intelligence analyst,gabriel65@example.net,515.505.1654
Kevin Rivera,"Unit 7735 Box 8243
DPO AE 96614",79,"Therapist, drama",ewatson@example.org,+1-499-986-7948x981
Jessica Garcia,"PSC 9304, Box 9527
APO AA 58483",36,Barrister's clerk,kimberly19@example.org,122.476.4946
Jennifer Campbell,"329 Collier Throughway Suite 238
East Marthaland, CT 80216",47,Proofreader,piercematthew@example.org,293.517.6032x931
William Reeves,"5609 Turner Ridge
East Johnburgh, OH 79013",38,Energy engineer,juanmckenzie@example.net,0475165464
Maria Williams,"28158 Turner Junctions Suite 324
Heatherview, FM 61844",54,Television camera operator,margaret54@example.org,441-809-8409x940
Sean Hernandez,"USNS Martin
FPO AE 02626",96,"Surveyor, minerals",mathewhall@example.org,523.040.2191x7669
Rachel Boyd,"5312 Eric Knolls
Port Samuelport, PA 06051",3,Nature conservation officer,krowe@example.com,(964)670-3565x2729
Kerri Campos,"0089 Christopher Fall
Cynthiafurt, LA 55391",66,"Accountant, chartered certified",barbara01@example.com,522.366.7775
Corey Weiss,"0485 Paula Stream Suite 000
Port Emily, ID 45104",92,Retail merchandiser,rmerritt@example.org,001-472-780-9738x2216
Edward Harding,"347 Ann Dale Suite 796
Jeffersonview, NE 64879",95,English as a second language teacher,ianwilliams@example.org,524.736.9911x15345
Kelly Russell,"668 Traci Divide
West Barry, PW 11853",28,Civil Service administrator,kaitlynjohnson@example.com,695-722-1781
Daryl Harris,"7246 Kelly Branch Apt. 697
Benjaminborough, DC 98636",46,Print production planner,whiteheadmichael@example.org,807-316-8185
Amber Thornton,"Unit 8718 Box 2719
DPO AE 37298",30,Higher education lecturer,wongmichael@example.com,099-679-0451x2889
Scott Sandoval,"54808 Smith Corner
West Rebecca, HI 44363",26,Multimedia specialist,heather81@example.net,(409)570-9619x95905
Kimberly Kim,"40379 Blackburn Fall
Susanhaven, NV 65047",88,Ergonomist,qrobbins@example.net,001-949-936-8502x4256
Victoria Tran,"25897 Anderson Vista Apt. 936
Leeborough, AK 94580",88,"Engineer, civil (contracting)",vanessa81@example.net,138-619-7555x647
Rachael Simon,"90182 Houston Streets Apt. 337
Joneshaven, ND 25022",2,Homeopath,robertsangela@example.org,(345)870-2829x79954
Jacob Ford,"92599 Isaac Greens Suite 342
Lake Ronaldview, NJ 37359",65,Science writer,aramirez@example.com,1964881500
Douglas Schneider,"6868 Preston Mount Suite 002
Kathleenchester, OH 38491",53,Ambulance person,jonathanbarnett@example.com,2324781375
Leah Williams,"55836 Kevin Turnpike
Burtonside, IA 05849",10,"Designer, fashion/clothing",xwalters@example.com,220.217.0812
Clinton Kane,"53276 Matthew Street
Hawkinsfort, NY 86582",17,Toxicologist,ahall@example.com,+1-581-403-1484x3695
Alexis Fields,"55226 Powell Square
New Theresa, ND 60430",61,Insurance account manager,ocampbell@example.net,508.285.2360x048
Michael Malone,"691 Elizabeth Underpass
New Diana, AZ 35894",54,IT trainer,townsendadam@example.net,288-235-0806x0564
Ian Robertson,"098 Robinson Ramp Apt. 565
North Peter, PA 03831",59,Broadcast journalist,jonathannorton@example.org,066-690-3821
Stephanie Bennett,"14592 Vaughn Squares
Mcleanside, KS 78392",68,"Production assistant, radio",brittany28@example.net,+1-638-468-0451
Jamie Rogers,"PSC 3712, Box 2658
APO AP 49906",72,Accommodation manager,lisawright@example.net,188-986-4926x907
Barbara Whitehead,"033 Nguyen Glens Suite 671
Wagnermouth, IA 36164",91,Information officer,christinamadden@example.com,2240819645
Jeremy Livingston,"88864 Riley Well
Kyleberg, CT 21565",89,Arts development officer,muellerjason@example.org,+1-013-365-8212x18840
Robert Aguilar,"16917 Randall Trafficway
Spencerstad, LA 18258",76,"Engineer, broadcasting (operations)",wilsonsandra@example.org,(089)765-0982x24718
Andrew Bailey,"6849 Rachael Tunnel Apt. 693
Lake Isabelside, PR 26263",87,Retail manager,glarsen@example.org,412-736-5299x1728
Linda Wilson,"383 Cindy Mountain
South Alan, TX 18339",77,Petroleum engineer,zpoole@example.org,+1-474-901-6730
Kaitlin Friedman,"130 Christine Crescent Suite 539
Stephaniestad, MA 04220",27,"Therapist, art",njordan@example.org,001-793-796-6558x34874
Andre Griffith,"0064 Thomas Court
North Bruceview, KY 84118",98,"Engineer, building services",tdiaz@example.org,(543)139-6483x767
Kelly Hester,"325 Gutierrez Drives
Port Russell, NM 76202",70,Arts administrator,kevinwilliams@example.com,075.320.2654x182
Kevin Carson,"1039 Thomas Causeway Apt. 123
West Mackenzieton, IL 71627",51,Arts administrator,robinsonsergio@example.org,+1-886-256-2095x560
Jason Allen DDS,"187 Kimberly Estates
East Barry, IL 81948",65,Therapeutic radiographer,cross@example.org,001-014-941-2684x1580
Brandy James,"Unit 3189 Box 9201
DPO AA 92013",86,Planning and development surveyor,perezmichael@example.net,996-545-4620x03012
Rebecca Green,"39096 Jonathan Summit
Gilbertburgh, OR 47019",74,Race relations officer,cwilkerson@example.net,001-464-094-0806
Larry Anderson,"7979 Joseph Springs Suite 093
Lopezburgh, IN 47544",59,"Surveyor, land/geomatics",michaelneal@example.com,848.565.3722x7020
Allen Smith,"USNV Salazar
FPO AA 33265",90,"Engineer, manufacturing",lorettanelson@example.org,745-857-8610x2197
Matthew Hess,"Unit 0505 Box 8977
DPO AP 28836",6,Housing manager/officer,elizabeth10@example.org,402.200.9752x1493
Nathaniel Rice,"PSC 3022, Box 0660
APO AP 91448",92,Quarry manager,idelacruz@example.net,(937)772-4927x72360
Joshua Morrow,"4269 Robert Ridges
Port Larry, IA 29757",97,"Psychologist, clinical",schaeferrachel@example.net,(218)729-3092
Renee Tran,"774 Morse Street Apt. 159
Port Catherine, MS 76081",5,"Therapist, nutritional",amyroach@example.com,194.910.4542
Karen Anderson,"1871 Jennifer Isle Suite 114
Lake Jameschester, ID 76587",24,"Teacher, English as a foreign language",marquezkristen@example.org,934.290.0195
Daniel Bennett,"723 Jimmy Parkways
West Vincent, PW 04207",55,English as a foreign language teacher,wrighterica@example.net,(091)689-8734x704
Michelle Butler,"061 Murphy Forge Suite 274
Lake Kendra, WI 56342",36,Patent examiner,hthomas@example.org,+1-563-122-5996x874
James Wells,"5976 Norma Cape Suite 848
East Megantown, GA 80804",46,Financial adviser,martinezjenna@example.org,(432)468-4242x3543
Logan Barnes,"027 Justin Common Suite 655
West Brenda, PW 64537",85,Aeronautical engineer,singletonpeter@example.org,6185961701
Tristan Vasquez,"31166 Conley Harbor
Kristinaview, NE 65574",45,Advertising account executive,colesherry@example.com,903.256.8344
Evelyn Olson,"379 Christina River
Michaeltown, KY 39229",98,Proofreader,douglas66@example.com,+1-674-468-7641
Amanda Evans,"127 Gomez Island
Ginamouth, NJ 67337",94,Health visitor,shane02@example.com,156-572-3421x10498
Ashley Jones,"8929 Christopher Mountain
East Pennyville, GU 36580",21,Animator,torresjoel@example.com,+1-973-826-7036x4860
Alexandria Cherry,"41222 Tracy Shores
New Travisshire, GU 54582",67,"Engineer, manufacturing systems",jonathancohen@example.com,(356)434-2787x52337
Sandra Lee,"101 Joshua Mountain
Edwardsport, LA 45682",18,Commissioning editor,bakermichael@example.net,(267)692-9378x87105
Katherine Kim,"796 Amy Forges
Port Danielshire, WY 08555",89,Production manager,bmadden@example.net,0561701634
Garrett Ross,"732 Lawrence Plains
Gentryborough, DE 70123",42,Product manager,lopezshannon@example.com,237-593-8404x894
Sara Francis,"700 Sherry Forest
Ortizfurt, KY 51788",90,Network engineer,katherine39@example.net,497-085-9346x0697
John Hall,"PSC 6308, Box 4695
APO AA 14829",9,"Restaurant manager, fast food",elizabethmalone@example.com,+1-995-676-7876x863
Donald Cox,"035 Ball Cliffs
Gibsonville, NC 12393",48,Pension scheme manager,jenniferwilson@example.org,(432)647-7645x5027
Dr. Jody Kemp DDS,"68075 Haas Park
Mackbury, IL 55094",29,Quarry manager,danny32@example.org,001-805-099-8436
